scenario,country_code,country_name,wacc,risk_free_rate,beta,equity_risk_premium,country_risk_premium,debt_rate,tax_rate,equity_ratio,debt_ratio,wacc_real
mature,ALB,Albania,0.11489250000000001,0.035,2.16125,0.065,0.048,0.05,0.15,0.4,0.6,0.09303186274509812
mature,DZA,Algeria,0.1117725,0.035,2.16125,0.065,0.04019999999999999,0.05,0.15,0.4,0.6,0.08997303921568633
mature,AND,Andorra  (Principality of),0.10154391000000001,0.035,2.104535,0.065,0.0213,0.05,0.1898,0.4,0.6,0.07994500980392161
mature,AGO,Angola,0.12370750000000001,0.035,2.01875,0.065,0.0868,0.05,0.25,0.4,0.6,0.10167401960784317
mature,AIA,Anguilla,0.12127328500000001,0.035,2.0154725,0.065,0.08109999999999999,0.05,0.2523,0.4,0.6,0.09928753431372539
mature,ATG,Antigua &  Barbuda,0.12123328500000002,0.035,2.0154725,0.065,0.081,0.05,0.2523,0.4,0.6,0.09924831862745087
mature,ARG,Argentina,0.1463625,0.035,1.87625,0.065,0.1602,0.05,0.35,0.4,0.6,0.12388480392156853
mature,ARM,Armenia,0.11288100000000001,0.035,2.1185,0.065,0.048,0.05,0.18,0.4,0.6,0.09105980392156865
mature,ABW,Aruba,0.1007075,0.035,2.01875,0.065,0.029300000000000003,0.05,0.25,0.4,0.6,0.07912499999999989
mature,AUS,Australia,0.08563499999999999,0.035,1.9474999999999998,0.065,0.0,0.05,0.3,0.4,0.6,0.0643480392156861
mature,AUT,Austria,0.09177799999999998,0.035,2.0329999999999995,0.065,0.0053,0.05,0.24,0.4,0.6,0.07037058823529407
mature,AZE,Azerbaijan,0.1057,0.035,2.09,0.065,0.0334,0.05,0.2,0.4,0.6,0.08401960784313722
mature,BHS,Bahamas,0.12979000000000002,0.035,2.375,0.065,0.0601,0.05,0.0,0.4,0.6,0.10763725490196085
mature,BHR,Bahrain,0.13511,0.035,2.375,0.065,0.07339999999999999,0.05,0.0,0.4,0.6,0.11285294117647071
mature,BGD,Bangladesh,0.11499499999999999,0.035,1.9474999999999998,0.065,0.07339999999999999,0.05,0.3,0.4,0.6,0.0931323529411765
mature,BRB,Barbados,0.13678225,0.035,2.2966249999999993,0.065,0.0868,0.05,0.055,0.4,0.6,0.11449240196078425
mature,BLR,Belarus,0.188041,0.035,2.1185,0.065,0.2359,0.05,0.18,0.4,0.6,0.16474607843137257
mature,BEL,Belgium,0.0921875,0.035,2.01875,0.065,0.008,0.05,0.25,0.4,0.6,0.07077205882352944
mature,BLZ,Belize,0.12666063500000002,0.035,1.9684475,0.065,0.1001,0.05,0.2853,0.4,0.6,0.10456924999999995
mature,BEN,Benin,0.109675,0.035,1.9474999999999998,0.065,0.0601,0.05,0.3,0.4,0.6,0.08791666666666664
mature,BMU,Bermuda,0.11027,0.035,2.375,0.065,0.0113,0.05,0.0,0.4,0.6,0.08850000000000002
mature,BOL,Bolivia,0.14238750000000003,0.035,2.01875,0.065,0.1335,0.05,0.25,0.4,0.6,0.11998774509803933
mature,BIH,Bosnia and  Herzegovina,0.133765,0.035,2.2325,0.065,0.0868,0.05,0.1,0.4,0.6,0.11153431372549005
mature,BWA,Botswana,0.097399,0.035,2.0614999999999997,0.065,0.016,0.05,0.22,0.4,0.6,0.0758813725490195
mature,BRA,Brazil,0.096313,0.035,1.8904999999999996,0.065,0.0334,0.05,0.34,0.4,0.6,0.07481666666666675
mature,VGB,British Virgin  Islands,0.12127328500000001,0.035,2.0154725,0.065,0.08109999999999999,0.05,0.2523,0.4,0.6,0.09928753431372539
mature,BRN,Brunei,0.086153,0.035,1.8904999999999996,0.065,0.008,0.05,0.34,0.4,0.6,0.06485588235294104
mature,BGR,Bulgaria,0.107565,0.035,2.2325,0.065,0.0213,0.05,0.1,0.4,0.6,0.08584803921568618
mature,BFA,Burkina Faso,0.12701600000000002,0.035,1.976,0.065,0.1001,0.05,0.28,0.4,0.6,0.10491764705882356
mature,KHM,Cambodia,0.12170000000000002,0.035,2.09,0.065,0.07339999999999999,0.05,0.2,0.4,0.6,0.09970588235294109
mature,CMR,Cameroon,0.12366350000000001,0.035,1.9047499999999997,0.065,0.1001,0.05,0.33,0.4,0.6,0.10163088235294104
mature,CAN,Canada,0.08798175,0.035,1.997375,0.065,0.0,0.05,0.265,0.4,0.6,0.06664877450980389
mature,CPV,Cape Verde,0.13511,0.035,2.375,0.065,0.07339999999999999,0.05,0.0,0.4,0.6,0.11285294117647071
mature,CYM,Cayman Islands,0.10895000000000002,0.035,2.375,0.065,0.008,0.05,0.0,0.4,0.6,0.08720588235294136
mature,CHL,Chile,0.0921665,0.035,1.9902499999999996,0.065,0.0113,0.05,0.27,0.4,0.6,0.07075147058823528
mature,CHN,China,0.09274750000000001,0.035,2.01875,0.065,0.009399999999999999,0.05,0.25,0.4,0.6,0.07132107843137248
mature,COL,Colombia,0.09244250000000001,0.035,1.87625,0.065,0.0254,0.05,0.35,0.4,0.6,0.0710220588235293
mature,COD,Congo  (Democratic Republic,0.12035499999999999,0.035,1.9474999999999998,0.065,0.0868,0.05,0.3,0.4,0.6,0.09838725490196065
mature,COK,Cook Islands,0.10984933,0.035,1.9512049999999996,0.065,0.0601,0.05,0.2974,0.4,0.6,0.0880875784313726
mature,CRI,Costa Rica,0.10483499999999998,0.035,1.9474999999999998,0.065,0.048,0.05,0.3,0.4,0.6,0.08317156862745101
mature,HRV,Croatia,0.100081,0.035,2.1185,0.065,0.016,0.05,0.18,0.4,0.6,0.0785107843137256
mature,CUB,Cuba,0.15070063500000003,0.035,1.9684475,0.065,0.1602,0.05,0.2853,0.4,0.6,0.12813787745098026
mature,CUW,Curaçao,0.102719,0.035,2.0614999999999997,0.065,0.029300000000000003,0.05,0.22,0.4,0.6,0.08109705882352936
mature,CYP,Cyprus,0.10376874999999999,0.035,2.196875,0.065,0.016,0.05,0.125,0.4,0.6,0.08212622549019599
mature,CZE,Czech Republic,0.0962105,0.035,2.10425,0.065,0.008,0.05,0.19,0.4,0.6,0.07471617647058815
mature,DNK,Denmark,0.09099900000000001,0.035,2.0614999999999997,0.065,0.0,0.05,0.22,0.4,0.6,0.06960686274509809
mature,DOM,Dominican  Republic,0.1068465,0.035,1.9902499999999996,0.065,0.048,0.05,0.27,0.4,0.6,0.08514362745098047
mature,ECU,Ecuador,0.14238750000000003,0.035,2.01875,0.065,0.1335,0.05,0.25,0.4,0.6,0.11998774509803933
mature,EGY,Egypt,0.13070375,0.035,2.0543749999999994,0.065,0.1001,0.05,0.225,0.4,0.6,0.10853308823529395
mature,SLV,El Salvador,0.12035499999999999,0.035,1.9474999999999998,0.065,0.0868,0.05,0.3,0.4,0.6,0.09838725490196065
mature,EST,Estonia,0.0961,0.035,2.09,0.065,0.009399999999999999,0.05,0.2,0.4,0.6,0.07460784313725499
mature,ETH,Ethiopia,0.133715,0.035,1.9474999999999998,0.065,0.1202,0.05,0.3,0.4,0.6,0.11148529411764696
mature,FLK,Falkland  Islands,0.103875725,0.035,1.9254124999999997,0.065,0.0482,0.05,0.3155,0.4,0.6,0.08223110294117641
mature,FJI,Fiji,0.11638000000000001,0.035,2.09,0.065,0.0601,0.05,0.2,0.4,0.6,0.09449019607843123
mature,FIN,Finland,0.09446000000000002,0.035,2.09,0.065,0.0053,0.05,0.2,0.4,0.6,0.07299999999999995
mature,FRA,France,0.0921875,0.035,2.01875,0.065,0.008,0.05,0.25,0.4,0.6,0.07077205882352944
mature,GUF,French Guiana,0.103875725,0.035,1.9254124999999997,0.065,0.0482,0.05,0.3155,0.4,0.6,0.08223110294117641
mature,GAB,Gabon,0.133715,0.035,1.9474999999999998,0.065,0.1202,0.05,0.3,0.4,0.6,0.11148529411764696
mature,GMB,Gambia,0.109675,0.035,1.9474999999999998,0.065,0.0601,0.05,0.3,0.4,0.6,0.08791666666666664
mature,GEO,Georgia,0.1117725,0.035,2.16125,0.065,0.04019999999999999,0.05,0.15,0.4,0.6,0.08997303921568633
mature,DEU,Germany,0.08563499999999999,0.035,1.9474999999999998,0.065,0.0,0.05,0.3,0.4,0.6,0.0643480392156861
mature,GHA,Ghana,0.1370675,0.035,2.01875,0.065,0.1202,0.05,0.25,0.4,0.6,0.11477205882352948
mature,GIB,Gibraltar,0.09361501,0.035,2.0218849999999997,0.065,0.011200000000000002,0.05,0.24780000000000002,0.4,0.6,0.07217157843137256
mature,GRC,Greece,0.10435900000000001,0.035,2.0614999999999997,0.065,0.0334,0.05,0.22,0.4,0.6,0.0827049019607844
mature,GRL,Greenland,0.09361501,0.035,2.0218849999999997,0.065,0.011200000000000002,0.05,0.24780000000000002,0.4,0.6,0.07217157843137256
mature,GTM,Guatemala,0.10234750000000002,0.035,2.01875,0.065,0.0334,0.05,0.25,0.4,0.6,0.08073284313725493
mature,GGY,Guernsey  (States of),0.10951000000000001,0.035,2.375,0.065,0.009399999999999999,0.05,0.0,0.4,0.6,0.08775490196078439
mature,GIN,Guinea,0.15383000000000002,0.035,2.375,0.065,0.1202,0.05,0.0,0.4,0.6,0.1312058823529414
mature,GNB,Guinea-Bissau,0.14047,0.035,2.375,0.065,0.0868,0.05,0.0,0.4,0.6,0.11810784313725509
mature,GUY,Guyana,0.11427000000000001,0.035,2.375,0.065,0.0213,0.05,0.0,0.4,0.6,0.09242156862745099
mature,HTI,Haiti,0.16983,0.035,2.375,0.065,0.1602,0.05,0.0,0.4,0.6,0.14689215686274504
mature,HND,Honduras,0.11302750000000002,0.035,2.01875,0.065,0.0601,0.05,0.25,0.4,0.6,0.09120343137254916
mature,HKG,Hong Kong,0.09788675000000001,0.035,2.139875,0.065,0.008,0.05,0.165,0.4,0.6,0.07635955882352952
mature,HUN,Hungary,0.10987550000000001,0.035,2.24675,0.065,0.0254,0.05,0.09,0.4,0.6,0.08811323529411763
mature,ISL,Iceland,0.0961,0.035,2.09,0.065,0.009399999999999999,0.05,0.2,0.4,0.6,0.07460784313725499
mature,IND,India,0.097355,0.035,1.9474999999999998,0.065,0.029300000000000003,0.05,0.3,0.4,0.6,0.07583823529411782
mature,IDN,Indonesia,0.10115900000000001,0.035,2.0614999999999997,0.065,0.0254,0.05,0.22,0.4,0.6,0.07956764705882358
mature,IRN,Iran,0.12571900000000003,0.035,2.0614999999999997,0.065,0.0868,0.05,0.22,0.4,0.6,0.10364607843137263
mature,IRQ,Iraq,0.1357325,0.035,2.16125,0.065,0.1001,0.05,0.15,0.4,0.6,0.11346323529411761
mature,IRL,Ireland,0.10056875000000001,0.035,2.196875,0.065,0.008,0.05,0.125,0.4,0.6,0.0789889705882354
mature,IMN,Isle of Man,0.10895000000000002,0.035,2.375,0.065,0.008,0.05,0.0,0.4,0.6,0.08720588235294136
mature,ISR,Israel,0.0988485,0.035,2.0472499999999996,0.065,0.0213,0.05,0.23,0.4,0.6,0.07730245098039212
mature,ITA,Italy,0.10137799999999998,0.035,2.0329999999999995,0.065,0.029300000000000003,0.05,0.24,0.4,0.6,0.07978235294117653
mature,CIV,Ivory Coast,0.10506750000000001,0.035,2.01875,0.065,0.04019999999999999,0.05,0.25,0.4,0.6,0.08339950980392175
mature,JAM,Jamaica,0.11302750000000002,0.035,2.01875,0.065,0.0601,0.05,0.25,0.4,0.6,0.09120343137254916
mature,JPN,Japan,0.08897929,0.035,1.938665,0.065,0.009399999999999999,0.05,0.3062,0.4,0.6,0.06762675490196068
mature,JEY,Jersey (States  of),0.10839000000000001,0.035,2.375,0.065,0.0066,0.05,0.0,0.4,0.6,0.0866568627450981
mature,JOR,Jordan,0.11154000000000001,0.035,2.09,0.065,0.048,0.05,0.2,0.4,0.6,0.0897450980392156
mature,KAZ,Kazakhstan,0.10086,0.035,2.09,0.065,0.0213,0.05,0.2,0.4,0.6,0.07927450980392159
mature,KEN,Kenya,0.12567499999999998,0.035,1.9474999999999998,0.065,0.1001,0.05,0.3,0.4,0.6,0.10360294117647051
mature,KWT,Kuwait,0.0994525,0.035,2.16125,0.065,0.009399999999999999,0.05,0.15,0.4,0.6,0.07789460784313729
mature,KGZ,Kyrgyzstan,0.133765,0.035,2.2325,0.065,0.0868,0.05,0.1,0.4,0.6,0.11153431372549005
mature,LAO,Laos,0.14114037000000001,0.035,1.992245,0.065,0.1335,0.05,0.2686,0.4,0.6,0.11876506862745106
mature,LVA,Latvia,0.09874000000000002,0.035,2.09,0.065,0.016,0.05,0.2,0.4,0.6,0.07719607843137255
mature,LBN,Lebanon,0.1887115,0.035,2.13275,0.065,0.2359,0.05,0.17,0.4,0.6,0.16540343137254898
mature,LBR,Liberia,0.14243150000000002,0.035,2.13275,0.065,0.1202,0.05,0.17,0.4,0.6,0.12003088235294124
mature,LBY,Libya,0.10287150000000003,0.035,2.13275,0.065,0.0213,0.05,0.17,0.4,0.6,0.08124656862745105
mature,LIE,Liechtenstein,0.09736875,0.035,2.196875,0.065,0.0,0.05,0.125,0.4,0.6,0.07585171568627458
mature,LTU,Lithuania,0.10021250000000001,0.035,2.16125,0.065,0.0113,0.05,0.15,0.4,0.6,0.07863970588235292
mature,LUX,Luxembourg,0.08902772999999999,0.035,2.0196049999999994,0.065,0.0,0.05,0.2494,0.4,0.6,0.06767424509803921
mature,MAC,Macau,0.09094037000000002,0.035,1.992245,0.065,0.008,0.05,0.2686,0.4,0.6,0.06954938235294117
mature,MKD,Macedonia,0.11824500000000002,0.035,2.2325,0.065,0.048,0.05,0.1,0.4,0.6,0.09631862745098041
mature,MDG,Madagascar,0.12840500000000002,0.035,2.2325,0.065,0.07339999999999999,0.05,0.1,0.4,0.6,0.1062794117647059
mature,MWI,Malawi,0.147125,0.035,2.2325,0.065,0.1202,0.05,0.1,0.4,0.6,0.12463235294117636
mature,MYS,Malaysia,0.09605799999999998,0.035,2.0329999999999995,0.065,0.016,0.05,0.24,0.4,0.6,0.07456666666666667
mature,MDV,Maldives,0.13582037000000002,0.035,1.992245,0.065,0.1202,0.05,0.2686,0.4,0.6,0.11354938235294121
mature,MLI,Mali,0.13582037000000002,0.035,1.992245,0.065,0.1202,0.05,0.2686,0.4,0.6,0.11354938235294121
mature,MLT,Malta,0.08680250000000002,0.035,1.87625,0.065,0.0113,0.05,0.35,0.4,0.6,0.06549264705882352
mature,MTQ,Martinique,0.12127328500000001,0.035,2.0154725,0.065,0.08109999999999999,0.05,0.2523,0.4,0.6,0.09928753431372539
mature,MUS,Mauritius,0.1074125,0.035,2.16125,0.065,0.029300000000000003,0.05,0.15,0.4,0.6,0.0856985294117647
mature,MEX,Mexico,0.09579499999999999,0.035,1.9474999999999998,0.065,0.0254,0.05,0.3,0.4,0.6,0.07430882352941182
mature,MDA,Moldova,0.13242400000000001,0.035,2.204,0.065,0.0868,0.05,0.12,0.4,0.6,0.11021960784313722
mature,MCO,Monaco,0.08913501,0.035,2.0218849999999997,0.065,0.0,0.05,0.24780000000000002,0.4,0.6,0.06777942156862737
mature,MNG,Mongolia,0.11834750000000001,0.035,2.01875,0.065,0.07339999999999999,0.05,0.25,0.4,0.6,0.0964191176470588
mature,MNE,Montenegro,0.11973250000000002,0.035,2.16125,0.065,0.0601,0.05,0.15,0.4,0.6,0.09777696078431375
mature,MSR,Montserrat,0.09834063500000001,0.035,1.9684475,0.065,0.029300000000000003,0.05,0.2853,0.4,0.6,0.07680454411764703
mature,MAR,Morocco,0.097654,0.035,1.9189999999999996,0.065,0.0334,0.05,0.32,0.4,0.6,0.07613137254901958
mature,MOZ,Mozambique,0.132374,0.035,1.9189999999999996,0.065,0.1202,0.05,0.32,0.4,0.6,0.11017058823529413
mature,MMR,Myanmar,0.137694,0.035,1.9189999999999996,0.065,0.1335,0.05,0.32,0.4,0.6,0.11538627450980399
mature,NAM,Namibia,0.10833400000000001,0.035,1.9189999999999996,0.065,0.0601,0.05,0.32,0.4,0.6,0.08660196078431359
mature,NPL,Nepal,0.10818750000000002,0.035,2.01875,0.065,0.048,0.05,0.25,0.4,0.6,0.08645833333333353
mature,NLD,Netherlands,0.08845109999999999,0.035,2.0073499999999997,0.065,0.0,0.05,0.258,0.4,0.6,0.06710892156862736
mature,NZL,New Zealand,0.086976,0.035,1.976,0.065,0.0,0.05,0.28,0.4,0.6,0.06566274509803915
mature,NIC,Nicaragua,0.11499499999999999,0.035,1.9474999999999998,0.065,0.07339999999999999,0.05,0.3,0.4,0.6,0.0931323529411765
mature,NER,Niger,0.14114037000000001,0.035,1.992245,0.065,0.1335,0.05,0.2686,0.4,0.6,0.11876506862745106
mature,NGA,Nigeria,0.12567499999999998,0.035,1.9474999999999998,0.065,0.1001,0.05,0.3,0.4,0.6,0.10360294117647051
mature,NOR,Norway,0.09099900000000001,0.035,2.0614999999999997,0.065,0.0,0.05,0.22,0.4,0.6,0.06960686274509809
mature,OMN,Oman,0.10905250000000002,0.035,2.16125,0.065,0.0334,0.05,0.15,0.4,0.6,0.08730637254901952
mature,PAK,Pakistan,0.1343855,0.035,1.9617499999999999,0.065,0.1202,0.05,0.29,0.4,0.6,0.1121426470588236
mature,PSE,Palestinian  Authority,0.1887115,0.035,2.13275,0.065,0.2359,0.05,0.17,0.4,0.6,0.16540343137254898
mature,PAN,Panama,0.1007075,0.035,2.01875,0.065,0.029300000000000003,0.05,0.25,0.4,0.6,0.07912499999999989
mature,PNG,Papua New  Guinea,0.11499499999999999,0.035,1.9474999999999998,0.065,0.07339999999999999,0.05,0.3,0.4,0.6,0.0931323529411765
mature,PRY,Paraguay,0.110765,0.035,2.2325,0.065,0.029300000000000003,0.05,0.1,0.4,0.6,0.088985294117647
mature,PER,Peru,0.09449025,0.035,1.954625,0.065,0.0213,0.05,0.295,0.4,0.6,0.0730296568627451
mature,PHL,Philippines,0.09914750000000001,0.035,2.01875,0.065,0.0254,0.05,0.25,0.4,0.6,0.07759558823529411
mature,POL,Poland,0.0975305,0.035,2.10425,0.065,0.0113,0.05,0.19,0.4,0.6,0.07601029411764704
mature,PRT,Portugal,0.09806949999999998,0.035,2.0757499999999993,0.065,0.016,0.05,0.21,0.4,0.6,0.07653872549019614
mature,QAT,Qatar,0.101685,0.035,2.2325,0.065,0.0066,0.05,0.1,0.4,0.6,0.08008333333333328
mature,REU,Reunion,0.09451953,0.035,2.013905,0.065,0.0144,0.05,0.2534,0.4,0.6,0.07305836274509803
mature,ROU,Romania,0.106742,0.035,2.147,0.065,0.029300000000000003,0.05,0.16,0.4,0.6,0.08504117647058829
mature,RUS,Russia,0.10842,0.035,2.09,0.065,0.04019999999999999,0.05,0.2,0.4,0.6,0.08668627450980382
mature,RWA,Rwanda,0.11499499999999999,0.035,1.9474999999999998,0.065,0.07339999999999999,0.05,0.3,0.4,0.6,0.0931323529411765
mature,LCA,Saint Lucia,0.12127328500000001,0.035,2.0154725,0.065,0.08109999999999999,0.05,0.2523,0.4,0.6,0.09928753431372539
mature,SAU,Saudi Arabia,0.09554000000000001,0.035,2.09,0.065,0.008,0.05,0.2,0.4,0.6,0.07405882352941173
mature,SEN,Senegal,0.109675,0.035,1.9474999999999998,0.065,0.0601,0.05,0.3,0.4,0.6,0.08791666666666664
mature,SRB,Serbia,0.1117725,0.035,2.16125,0.065,0.04019999999999999,0.05,0.15,0.4,0.6,0.08997303921568633
mature,SLE,Sierra Leone,0.15383000000000002,0.035,2.375,0.065,0.1202,0.05,0.0,0.4,0.6,0.1312058823529414
mature,SGP,Singapore,0.09435150000000002,0.035,2.13275,0.065,0.0,0.05,0.17,0.4,0.6,0.07289362745098038
mature,SVK,Slovakia,0.09806949999999998,0.035,2.0757499999999993,0.065,0.016,0.05,0.21,0.4,0.6,0.07653872549019614
mature,SVN,Slovenia,0.0994105,0.035,2.10425,0.065,0.016,0.05,0.19,0.4,0.6,0.07785343137254896
mature,SLB,Solomon  Islands,0.12567499999999998,0.035,1.9474999999999998,0.065,0.1001,0.05,0.3,0.4,0.6,0.10360294117647051
mature,SOM,Somalia,0.139035,0.035,1.9474999999999998,0.065,0.1335,0.05,0.3,0.4,0.6,0.11670098039215682
mature,ZAF,South Africa,0.1037265,0.035,1.9902499999999996,0.065,0.04019999999999999,0.05,0.27,0.4,0.6,0.0820848039215687
mature,KOR,South Korea,0.0916275,0.035,2.01875,0.065,0.0066,0.05,0.25,0.4,0.6,0.07022303921568618
mature,ESP,Spain,0.09750750000000001,0.035,2.01875,0.065,0.0213,0.05,0.25,0.4,0.6,0.0759877450980393
mature,LKA,Sri Lanka,0.153738,0.035,2.0329999999999995,0.065,0.1602,0.05,0.24,0.4,0.6,0.13111568627450976
mature,SXM,St. Maarten,0.102700635,0.035,1.9684475,0.065,0.04019999999999999,0.05,0.2853,0.4,0.6,0.08107905392156844
mature,VCT,St. Vincent  & the Grenadines,0.12134063500000002,0.035,1.9684475,0.065,0.0868,0.05,0.2853,0.4,0.6,0.09935356372549009
mature,SDN,Sudan,0.180980635,0.035,1.9684475,0.065,0.2359,0.05,0.2853,0.4,0.6,0.15782415196078436
mature,SUR,Suriname,0.12165199999999998,0.035,1.8619999999999999,0.065,0.1001,0.05,0.36,0.4,0.6,0.0996588235294118
mature,SWZ,Swaziland,0.11667125,0.035,1.9831249999999998,0.065,0.07339999999999999,0.05,0.275,0.4,0.6,0.09477573529411765
mature,SWE,Sweden,0.09193770000000001,0.035,2.08145,0.065,0.0,0.05,0.20600000000000002,0.4,0.6,0.07052715686274502
mature,CHE,Switzerland,0.0959607,0.035,2.1669499999999995,0.065,0.0,0.05,0.146,0.4,0.6,0.07447127450980395
mature,SYR,Syria,0.1903207,0.035,2.1669499999999995,0.065,0.2359,0.05,0.146,0.4,0.6,0.16698107843137255
mature,TWN,Taiwan,0.09554000000000001,0.035,2.09,0.065,0.008,0.05,0.2,0.4,0.6,0.07405882352941173
mature,TJK,Tajikistan,0.12840100000000002,0.035,2.1185,0.065,0.0868,0.05,0.18,0.4,0.6,0.10627549019607829
mature,TZA,Tanzania,0.109675,0.035,1.9474999999999998,0.065,0.0601,0.05,0.3,0.4,0.6,0.08791666666666664
mature,THA,Thailand,0.10086,0.035,2.09,0.065,0.0213,0.05,0.2,0.4,0.6,0.07927450980392159
mature,TGO,Togo,0.12246037000000003,0.035,1.992245,0.065,0.0868,0.05,0.2686,0.4,0.6,0.1004513431372549
mature,TTO,Trinidad  &' Tobago,0.101715,0.035,1.9474999999999998,0.065,0.04019999999999999,0.05,0.3,0.4,0.6,0.08011274509803923
mature,TUN,Tunisia,0.1437725,0.035,2.16125,0.065,0.1202,0.05,0.15,0.4,0.6,0.12134558823529429
mature,TUR,Turkey,0.11302750000000002,0.035,2.01875,0.065,0.0601,0.05,0.25,0.4,0.6,0.09120343137254916
mature,TCA,Turks &  Caicos Islands,0.11427000000000001,0.035,2.375,0.065,0.0213,0.05,0.0,0.4,0.6,0.09242156862745099
mature,UGA,Uganda,0.12035499999999999,0.035,1.9474999999999998,0.065,0.0868,0.05,0.3,0.4,0.6,0.09838725490196065
mature,UKR,Ukraine,0.157761,0.035,2.1185,0.065,0.1602,0.05,0.18,0.4,0.6,0.1350598039215687
mature,ARE,United Arab  Emirates,0.0916275,0.035,2.01875,0.065,0.0066,0.05,0.25,0.4,0.6,0.07022303921568618
mature,GBR,United Kingdom,0.0921875,0.035,2.01875,0.065,0.008,0.05,0.25,0.4,0.6,0.07077205882352944
mature,USA,United States,0.08898750000000001,0.035,2.01875,0.065,0.0,0.05,0.25,0.4,0.6,0.06763480392156862
mature,URY,Uruguay,0.09750750000000001,0.035,2.01875,0.065,0.0213,0.05,0.25,0.4,0.6,0.0759877450980393
mature,UZB,Uzbekistan,0.11489250000000001,0.035,2.16125,0.065,0.048,0.05,0.15,0.4,0.6,0.09303186274509812
mature,VEN,Venezuela,0.177313,0.035,1.8904999999999996,0.065,0.2359,0.05,0.34,0.4,0.6,0.15422843137254905
mature,VNM,Vietnam,0.10842,0.035,2.09,0.065,0.04019999999999999,0.05,0.2,0.4,0.6,0.08668627450980382
mature,YEM,Yemen,0.15642,0.035,2.09,0.065,0.1602,0.05,0.2,0.4,0.6,0.13374509803921564
mature,ZMB,Zambia,0.1303625,0.035,1.87625,0.065,0.1202,0.05,0.35,0.4,0.6,0.10819852941176467
mature,ZWE,Zimbabwe,0.1303625,0.035,1.87625,0.065,0.1202,0.05,0.35,0.4,0.6,0.10819852941176467
mature,MRT,Mauritania,0.12157091666666668,0.035,1.9736249999999995,0.065,0.08676666666666666,0.05000000000000001,0.2816666666666667,0.4000000000000001,0.6,0.09957933006535935
base,ALB,Albania,0.12376500000000001,0.035,2.5025,0.065,0.048,0.05,0.15,0.4,0.6,0.10173039215686286
base,DZA,Algeria,0.120645,0.035,2.5025,0.065,0.04019999999999999,0.05,0.15,0.4,0.6,0.09867156862745108
base,AND,Andorra  (Principality of),0.11018358,0.035,2.43683,0.065,0.0213,0.05,0.1898,0.4,0.6,0.08841527450980391
base,AGO,Angola,0.131995,0.035,2.3375000000000004,0.065,0.0868,0.05,0.25,0.4,0.6,0.1097990196078431
base,AIA,Anguilla,0.12954733000000002,0.035,2.333705,0.065,0.08109999999999999,0.05,0.2523,0.4,0.6,0.10739934313725485
base,ATG,Antigua &  Barbuda,0.12950733,0.035,2.333705,0.065,0.081,0.05,0.2523,0.4,0.6,0.10736012745098034
base,ARG,Argentina,0.154065,0.035,2.1725000000000003,0.065,0.1602,0.05,0.35,0.4,0.6,0.1314362745098041
base,ARM,Armenia,0.12157800000000002,0.035,2.4530000000000003,0.065,0.048,0.05,0.18,0.4,0.6,0.09958627450980395
base,ABW,Aruba,0.10899500000000002,0.035,2.3375000000000004,0.065,0.029300000000000003,0.05,0.25,0.4,0.6,0.08724999999999983
base,AUS,Australia,0.09363000000000002,0.035,2.255,0.065,0.0,0.05,0.3,0.4,0.6,0.07218627450980408
base,AUT,Austria,0.100124,0.035,2.3539999999999996,0.065,0.0053,0.05,0.24,0.4,0.6,0.07855294117647071
base,AZE,Azerbaijan,0.11428000000000002,0.035,2.4200000000000004,0.065,0.0334,0.05,0.2,0.4,0.6,0.09243137254901956
base,BHS,Bahamas,0.13954000000000003,0.035,2.75,0.065,0.0601,0.05,0.0,0.4,0.6,0.11719607843137259
base,BHR,Bahrain,0.14486000000000002,0.035,2.75,0.065,0.07339999999999999,0.05,0.0,0.4,0.6,0.12241176470588222
base,BGD,Bangladesh,0.12299000000000002,0.035,2.255,0.065,0.07339999999999999,0.05,0.3,0.4,0.6,0.10097058823529403
base,BRB,Barbados,0.1462105,0.035,2.6592499999999997,0.065,0.0868,0.05,0.055,0.4,0.6,0.12373578431372545
base,BLR,Belarus,0.19673800000000002,0.035,2.4530000000000003,0.065,0.2359,0.05,0.18,0.4,0.6,0.17327254901960787
base,BEL,Belgium,0.10047500000000002,0.035,2.3375000000000004,0.065,0.008,0.05,0.25,0.4,0.6,0.07889705882352938
base,BLZ,Belize,0.13474163,0.035,2.279255,0.065,0.1001,0.05,0.2853,0.4,0.6,0.11249179411764709
base,BEN,Benin,0.11767000000000002,0.035,2.255,0.065,0.0601,0.05,0.3,0.4,0.6,0.09575490196078418
base,BMU,Bermuda,0.12002000000000002,0.035,2.75,0.065,0.0113,0.05,0.0,0.4,0.6,0.09805882352941175
base,BOL,Bolivia,0.150675,0.035,2.3375000000000004,0.065,0.1335,0.05,0.25,0.4,0.6,0.12811274509803927
base,BIH,Bosnia and  Herzegovina,0.14293000000000003,0.035,2.5850000000000004,0.065,0.0868,0.05,0.1,0.4,0.6,0.1205196078431372
base,BWA,Botswana,0.10586200000000003,0.035,2.387,0.065,0.016,0.05,0.22,0.4,0.6,0.0841784313725491
base,BRA,Brazil,0.10407400000000001,0.035,2.189,0.065,0.0334,0.05,0.34,0.4,0.6,0.08242549019607837
base,VGB,British Virgin  Islands,0.12954733000000002,0.035,2.333705,0.065,0.08109999999999999,0.05,0.2523,0.4,0.6,0.10739934313725485
base,BRN,Brunei,0.093914,0.035,2.189,0.065,0.008,0.05,0.34,0.4,0.6,0.07246470588235288
base,BGR,Bulgaria,0.11673000000000003,0.035,2.5850000000000004,0.065,0.0213,0.05,0.1,0.4,0.6,0.09483333333333333
base,BFA,Burkina Faso,0.13512800000000003,0.035,2.2880000000000003,0.065,0.1001,0.05,0.28,0.4,0.6,0.11287058823529406
base,KHM,Cambodia,0.13028000000000003,0.035,2.4200000000000004,0.065,0.07339999999999999,0.05,0.2,0.4,0.6,0.10811764705882343
base,CMR,Cameroon,0.13148300000000002,0.035,2.2055000000000002,0.065,0.1001,0.05,0.33,0.4,0.6,0.10929705882352936
base,CAN,Canada,0.09618150000000002,0.035,2.3127500000000003,0.065,0.0,0.05,0.265,0.4,0.6,0.07468774509803922
base,CPV,Cape Verde,0.14486000000000002,0.035,2.75,0.065,0.07339999999999999,0.05,0.0,0.4,0.6,0.12241176470588222
base,CYM,Cayman Islands,0.11870000000000001,0.035,2.75,0.065,0.008,0.05,0.0,0.4,0.6,0.09676470588235286
base,CHL,Chile,0.10033700000000001,0.035,2.3045,0.065,0.0113,0.05,0.27,0.4,0.6,0.07876176470588248
base,CHN,China,0.10103500000000003,0.035,2.3375000000000004,0.065,0.009399999999999999,0.05,0.25,0.4,0.6,0.07944607843137241
base,COL,Colombia,0.10014500000000003,0.035,2.1725000000000003,0.065,0.0254,0.05,0.35,0.4,0.6,0.07857352941176465
base,COD,Congo  (Democratic Republic,0.12835000000000002,0.035,2.255,0.065,0.0868,0.05,0.3,0.4,0.6,0.10622549019607841
base,COK,Cook Islands,0.11785954,0.035,2.2592899999999996,0.065,0.0601,0.05,0.2974,0.4,0.6,0.09594072549019605
base,CRI,Costa Rica,0.11283000000000001,0.035,2.255,0.065,0.048,0.05,0.3,0.4,0.6,0.09100980392156854
base,HRV,Croatia,0.10877800000000004,0.035,2.4530000000000003,0.065,0.016,0.05,0.18,0.4,0.6,0.0870372549019609
base,CUB,Cuba,0.15878163,0.035,2.279255,0.065,0.1602,0.05,0.2853,0.4,0.6,0.1360604215686274
base,CUW,Curaçao,0.11118200000000002,0.035,2.387,0.065,0.029300000000000003,0.05,0.22,0.4,0.6,0.08939411764705896
base,CYP,Cyprus,0.11278750000000001,0.035,2.54375,0.065,0.016,0.05,0.125,0.4,0.6,0.09096813725490205
base,CZE,Czech Republic,0.10484900000000001,0.035,2.4365,0.065,0.008,0.05,0.19,0.4,0.6,0.08318529411764697
base,DNK,Denmark,0.09946200000000002,0.035,2.387,0.065,0.0,0.05,0.22,0.4,0.6,0.07790392156862747
base,DOM,Dominican  Republic,0.11501700000000001,0.035,2.3045,0.065,0.048,0.05,0.27,0.4,0.6,0.09315392156862745
base,ECU,Ecuador,0.150675,0.035,2.3375000000000004,0.065,0.1335,0.05,0.25,0.4,0.6,0.12811274509803927
base,EGY,Egypt,0.13913750000000003,0.035,2.3787499999999997,0.065,0.1001,0.05,0.225,0.4,0.6,0.1168014705882352
base,SLV,El Salvador,0.12835000000000002,0.035,2.255,0.065,0.0868,0.05,0.3,0.4,0.6,0.10622549019607841
base,EST,Estonia,0.10468000000000002,0.035,2.4200000000000004,0.065,0.009399999999999999,0.05,0.2,0.4,0.6,0.08301960784313733
base,ETH,Ethiopia,0.14171,0.035,2.255,0.065,0.1202,0.05,0.3,0.4,0.6,0.11932352941176472
base,FLK,Falkland  Islands,0.11178005,0.035,2.229425,0.065,0.0482,0.05,0.3155,0.4,0.6,0.08998044117647042
base,FJI,Fiji,0.12496000000000002,0.035,2.4200000000000004,0.065,0.0601,0.05,0.2,0.4,0.6,0.10290196078431357
base,FIN,Finland,0.10304000000000002,0.035,2.4200000000000004,0.065,0.0053,0.05,0.2,0.4,0.6,0.0814117647058823
base,FRA,France,0.10047500000000002,0.035,2.3375000000000004,0.065,0.008,0.05,0.25,0.4,0.6,0.07889705882352938
base,GUF,French Guiana,0.11178005,0.035,2.229425,0.065,0.0482,0.05,0.3155,0.4,0.6,0.08998044117647042
base,GAB,Gabon,0.14171,0.035,2.255,0.065,0.1202,0.05,0.3,0.4,0.6,0.11932352941176472
base,GMB,Gambia,0.11767000000000002,0.035,2.255,0.065,0.0601,0.05,0.3,0.4,0.6,0.09575490196078418
base,GEO,Georgia,0.120645,0.035,2.5025,0.065,0.04019999999999999,0.05,0.15,0.4,0.6,0.09867156862745108
base,DEU,Germany,0.09363000000000002,0.035,2.255,0.065,0.0,0.05,0.3,0.4,0.6,0.07218627450980408
base,GHA,Ghana,0.14535500000000004,0.035,2.3375000000000004,0.065,0.1202,0.05,0.25,0.4,0.6,0.12289705882352941
base,GIB,Gibraltar,0.10191538000000001,0.035,2.34113,0.065,0.011200000000000002,0.05,0.24780000000000002,0.4,0.6,0.08030919607843146
base,GRC,Greece,0.112822,0.035,2.387,0.065,0.0334,0.05,0.22,0.4,0.6,0.09100196078431377
base,GRL,Greenland,0.10191538000000001,0.035,2.34113,0.065,0.011200000000000002,0.05,0.24780000000000002,0.4,0.6,0.08030919607843146
base,GTM,Guatemala,0.11063500000000002,0.035,2.3375000000000004,0.065,0.0334,0.05,0.25,0.4,0.6,0.08885784313725487
base,GGY,Guernsey  (States of),0.11926,0.035,2.75,0.065,0.009399999999999999,0.05,0.0,0.4,0.6,0.0973137254901959
base,GIN,Guinea,0.16358,0.035,2.75,0.065,0.1202,0.05,0.0,0.4,0.6,0.1407647058823529
base,GNB,Guinea-Bissau,0.15022000000000002,0.035,2.75,0.065,0.0868,0.05,0.0,0.4,0.6,0.1276666666666666
base,GUY,Guyana,0.12402000000000002,0.035,2.75,0.065,0.0213,0.05,0.0,0.4,0.6,0.10198039215686272
base,HTI,Haiti,0.17958000000000002,0.035,2.75,0.065,0.1602,0.05,0.0,0.4,0.6,0.156450980392157
base,HND,Honduras,0.12131500000000002,0.035,2.3375000000000004,0.065,0.0601,0.05,0.25,0.4,0.6,0.0993284313725491
base,HKG,Hong Kong,0.10667150000000002,0.035,2.4777500000000003,0.065,0.008,0.05,0.165,0.4,0.6,0.08497205882352943
base,HUN,Hungary,0.11909900000000002,0.035,2.6015000000000006,0.065,0.0254,0.05,0.09,0.4,0.6,0.09715588235294126
base,ISL,Iceland,0.10468000000000002,0.035,2.4200000000000004,0.065,0.009399999999999999,0.05,0.2,0.4,0.6,0.08301960784313733
base,IND,India,0.10535,0.035,2.255,0.065,0.029300000000000003,0.05,0.3,0.4,0.6,0.08367647058823535
base,IDN,Indonesia,0.10962200000000002,0.035,2.387,0.065,0.0254,0.05,0.22,0.4,0.6,0.08786470588235296
base,IRN,Iran,0.13418200000000002,0.035,2.387,0.065,0.0868,0.05,0.22,0.4,0.6,0.11194313725490201
base,IRQ,Iraq,0.144605,0.035,2.5025,0.065,0.1001,0.05,0.15,0.4,0.6,0.12216176470588236
base,IRL,Ireland,0.1095875,0.035,2.54375,0.065,0.008,0.05,0.125,0.4,0.6,0.08783088235294101
base,IMN,Isle of Man,0.11870000000000001,0.035,2.75,0.065,0.008,0.05,0.0,0.4,0.6,0.09676470588235286
base,ISR,Israel,0.10725299999999999,0.035,2.3705,0.065,0.0213,0.05,0.23,0.4,0.6,0.08554215686274502
base,ITA,Italy,0.109724,0.035,2.3539999999999996,0.065,0.029300000000000003,0.05,0.24,0.4,0.6,0.08796470588235294
base,CIV,Ivory Coast,0.11335500000000003,0.035,2.3375000000000004,0.065,0.04019999999999999,0.05,0.25,0.4,0.6,0.09152450980392168
base,JAM,Jamaica,0.12131500000000002,0.035,2.3375000000000004,0.065,0.0601,0.05,0.25,0.4,0.6,0.0993284313725491
base,JPN,Japan,0.09693802000000001,0.035,2.2447700000000004,0.065,0.009399999999999999,0.05,0.3062,0.4,0.6,0.07542943137254898
base,JEY,Jersey (States  of),0.11814000000000001,0.035,2.75,0.065,0.0066,0.05,0.0,0.4,0.6,0.0962156862745096
base,JOR,Jordan,0.12012000000000002,0.035,2.4200000000000004,0.065,0.048,0.05,0.2,0.4,0.6,0.09815686274509794
base,KAZ,Kazakhstan,0.10944000000000002,0.035,2.4200000000000004,0.065,0.0213,0.05,0.2,0.4,0.6,0.08768627450980393
base,KEN,Kenya,0.13367,0.035,2.255,0.065,0.1001,0.05,0.3,0.4,0.6,0.11144117647058827
base,KWT,Kuwait,0.108325,0.035,2.5025,0.065,0.009399999999999999,0.05,0.15,0.4,0.6,0.08659313725490203
base,KGZ,Kyrgyzstan,0.14293000000000003,0.035,2.5850000000000004,0.065,0.0868,0.05,0.1,0.4,0.6,0.1205196078431372
base,LAO,Laos,0.14931906,0.035,2.3068100000000005,0.065,0.1335,0.05,0.2686,0.4,0.6,0.12678339215686285
base,LVA,Latvia,0.10732000000000003,0.035,2.4200000000000004,0.065,0.016,0.05,0.2,0.4,0.6,0.08560784313725489
base,LBN,Lebanon,0.19746700000000003,0.035,2.4695000000000005,0.065,0.2359,0.05,0.17,0.4,0.6,0.17398725490196076
base,LBR,Liberia,0.15118700000000002,0.035,2.4695000000000005,0.065,0.1202,0.05,0.17,0.4,0.6,0.1286147058823528
base,LBY,Libya,0.11162700000000003,0.035,2.4695000000000005,0.065,0.0213,0.05,0.17,0.4,0.6,0.08983039215686262
base,LIE,Liechtenstein,0.10638750000000002,0.035,2.54375,0.065,0.0,0.05,0.125,0.4,0.6,0.08469362745098041
base,LTU,Lithuania,0.10908500000000002,0.035,2.5025,0.065,0.0113,0.05,0.15,0.4,0.6,0.08733823529411766
base,LUX,Luxembourg,0.09731874,0.035,2.3384899999999997,0.065,0.0,0.05,0.2494,0.4,0.6,0.07580268627450981
base,MAC,Macau,0.09911906000000002,0.035,2.3068100000000005,0.065,0.008,0.05,0.2686,0.4,0.6,0.07756770588235296
base,MKD,Macedonia,0.12741000000000002,0.035,2.5850000000000004,0.065,0.048,0.05,0.1,0.4,0.6,0.10530392156862756
base,MDG,Madagascar,0.13757000000000003,0.035,2.5850000000000004,0.065,0.07339999999999999,0.05,0.1,0.4,0.6,0.11526470588235282
base,MWI,Malawi,0.15629,0.035,2.5850000000000004,0.065,0.1202,0.05,0.1,0.4,0.6,0.1336176470588235
base,MYS,Malaysia,0.104404,0.035,2.3539999999999996,0.065,0.016,0.05,0.24,0.4,0.6,0.08274901960784309
base,MDV,Maldives,0.14399906000000004,0.035,2.3068100000000005,0.065,0.1202,0.05,0.2686,0.4,0.6,0.121567705882353
base,MLI,Mali,0.14399906000000004,0.035,2.3068100000000005,0.065,0.1202,0.05,0.2686,0.4,0.6,0.121567705882353
base,MLT,Malta,0.09450500000000002,0.035,2.1725000000000003,0.065,0.0113,0.05,0.35,0.4,0.6,0.07304411764705887
base,MTQ,Martinique,0.12954733000000002,0.035,2.333705,0.065,0.08109999999999999,0.05,0.2523,0.4,0.6,0.10739934313725485
base,MUS,Mauritius,0.116285,0.035,2.5025,0.065,0.029300000000000003,0.05,0.15,0.4,0.6,0.09439705882352944
base,MEX,Mexico,0.10379000000000002,0.035,2.255,0.065,0.0254,0.05,0.3,0.4,0.6,0.08214705882352935
base,MDA,Moldova,0.14147200000000001,0.035,2.5520000000000005,0.065,0.0868,0.05,0.12,0.4,0.6,0.11909019607843141
base,MCO,Monaco,0.09743538000000002,0.035,2.34113,0.065,0.0,0.05,0.24780000000000002,0.4,0.6,0.07591703921568627
base,MNG,Mongolia,0.126635,0.035,2.3375000000000004,0.065,0.07339999999999999,0.05,0.25,0.4,0.6,0.10454411764705895
base,MNE,Montenegro,0.128605,0.035,2.5025,0.065,0.0601,0.05,0.15,0.4,0.6,0.10647549019607849
base,MSR,Montserrat,0.10642163,0.035,2.279255,0.065,0.029300000000000003,0.05,0.2853,0.4,0.6,0.08472708823529418
base,MAR,Morocco,0.10553199999999999,0.035,2.2219999999999995,0.065,0.0334,0.05,0.32,0.4,0.6,0.08385490196078416
base,MOZ,Mozambique,0.140252,0.035,2.2219999999999995,0.065,0.1202,0.05,0.32,0.4,0.6,0.11789411764705893
base,MMR,Myanmar,0.145572,0.035,2.2219999999999995,0.065,0.1335,0.05,0.32,0.4,0.6,0.12310980392156856
base,NAM,Namibia,0.116212,0.035,2.2219999999999995,0.065,0.0601,0.05,0.32,0.4,0.6,0.09432549019607839
base,NPL,Nepal,0.11647500000000002,0.035,2.3375000000000004,0.065,0.048,0.05,0.25,0.4,0.6,0.09458333333333346
base,NLD,Netherlands,0.09669180000000001,0.035,2.3243,0.065,0.0,0.05,0.258,0.4,0.6,0.07518803921568629
base,NZL,New Zealand,0.095088,0.035,2.2880000000000003,0.065,0.0,0.05,0.28,0.4,0.6,0.07361568627450987
base,NIC,Nicaragua,0.12299000000000002,0.035,2.255,0.065,0.07339999999999999,0.05,0.3,0.4,0.6,0.10097058823529403
base,NER,Niger,0.14931906,0.035,2.3068100000000005,0.065,0.1335,0.05,0.2686,0.4,0.6,0.12678339215686285
base,NGA,Nigeria,0.13367,0.035,2.255,0.065,0.1001,0.05,0.3,0.4,0.6,0.11144117647058827
base,NOR,Norway,0.09946200000000002,0.035,2.387,0.065,0.0,0.05,0.22,0.4,0.6,0.07790392156862747
base,OMN,Oman,0.117925,0.035,2.5025,0.065,0.0334,0.05,0.15,0.4,0.6,0.09600490196078426
base,PAK,Pakistan,0.142439,0.035,2.2715,0.065,0.1202,0.05,0.29,0.4,0.6,0.12003823529411761
base,PSE,Palestinian  Authority,0.19746700000000003,0.035,2.4695000000000005,0.065,0.2359,0.05,0.17,0.4,0.6,0.17398725490196076
base,PAN,Panama,0.10899500000000002,0.035,2.3375000000000004,0.065,0.029300000000000003,0.05,0.25,0.4,0.6,0.08724999999999983
base,PNG,Papua New  Guinea,0.12299000000000002,0.035,2.255,0.065,0.07339999999999999,0.05,0.3,0.4,0.6,0.10097058823529403
base,PRY,Paraguay,0.11993000000000001,0.035,2.5850000000000004,0.065,0.029300000000000003,0.05,0.1,0.4,0.6,0.09797058823529414
base,PER,Peru,0.10251450000000002,0.035,2.26325,0.065,0.0213,0.05,0.295,0.4,0.6,0.08089656862745098
base,PHL,Philippines,0.10743500000000003,0.035,2.3375000000000004,0.065,0.0254,0.05,0.25,0.4,0.6,0.08572058823529405
base,POL,Poland,0.10616900000000001,0.035,2.4365,0.065,0.0113,0.05,0.19,0.4,0.6,0.08447941176470586
base,PRT,Portugal,0.106591,0.035,2.4034999999999997,0.065,0.016,0.05,0.21,0.4,0.6,0.084893137254902
base,QAT,Qatar,0.11085000000000003,0.035,2.5850000000000004,0.065,0.0066,0.05,0.1,0.4,0.6,0.08906862745098043
base,REU,Reunion,0.10278714000000001,0.035,2.33189,0.065,0.0144,0.05,0.2534,0.4,0.6,0.08116386274509813
base,ROU,Romania,0.11555599999999999,0.035,2.4859999999999998,0.065,0.029300000000000003,0.05,0.16,0.4,0.6,0.09368235294117655
base,RUS,Russia,0.11700000000000002,0.035,2.4200000000000004,0.065,0.04019999999999999,0.05,0.2,0.4,0.6,0.09509803921568616
base,RWA,Rwanda,0.12299000000000002,0.035,2.255,0.065,0.07339999999999999,0.05,0.3,0.4,0.6,0.10097058823529403
base,LCA,Saint Lucia,0.12954733000000002,0.035,2.333705,0.065,0.08109999999999999,0.05,0.2523,0.4,0.6,0.10739934313725485
base,SAU,Saudi Arabia,0.10412000000000003,0.035,2.4200000000000004,0.065,0.008,0.05,0.2,0.4,0.6,0.08247058823529407
base,SEN,Senegal,0.11767000000000002,0.035,2.255,0.065,0.0601,0.05,0.3,0.4,0.6,0.09575490196078418
base,SRB,Serbia,0.120645,0.035,2.5025,0.065,0.04019999999999999,0.05,0.15,0.4,0.6,0.09867156862745108
base,SLE,Sierra Leone,0.16358,0.035,2.75,0.065,0.1202,0.05,0.0,0.4,0.6,0.1407647058823529
base,SGP,Singapore,0.10310700000000003,0.035,2.4695000000000005,0.065,0.0,0.05,0.17,0.4,0.6,0.08147745098039216
base,SVK,Slovakia,0.106591,0.035,2.4034999999999997,0.065,0.016,0.05,0.21,0.4,0.6,0.084893137254902
base,SVN,Slovenia,0.10804900000000002,0.035,2.4365,0.065,0.016,0.05,0.19,0.4,0.6,0.08632254901960779
base,SLB,Solomon  Islands,0.13367,0.035,2.255,0.065,0.1001,0.05,0.3,0.4,0.6,0.11144117647058827
base,SOM,Somalia,0.14703,0.035,2.255,0.065,0.1335,0.05,0.3,0.4,0.6,0.12453921568627457
base,ZAF,South Africa,0.111897,0.035,2.3045,0.065,0.04019999999999999,0.05,0.27,0.4,0.6,0.09009509803921567
base,KOR,South Korea,0.09991500000000002,0.035,2.3375000000000004,0.065,0.0066,0.05,0.25,0.4,0.6,0.07834803921568634
base,ESP,Spain,0.10579500000000001,0.035,2.3375000000000004,0.065,0.0213,0.05,0.25,0.4,0.6,0.08411274509803923
base,LKA,Sri Lanka,0.16208400000000003,0.035,2.3539999999999996,0.065,0.1602,0.05,0.24,0.4,0.6,0.1392980392156864
base,SXM,St. Maarten,0.11078163,0.035,2.279255,0.065,0.04019999999999999,0.05,0.2853,0.4,0.6,0.08900159803921559
base,VCT,St. Vincent  & the Grenadines,0.12942163,0.035,2.279255,0.065,0.0868,0.05,0.2853,0.4,0.6,0.10727610784313724
base,SDN,Sudan,0.18906163000000004,0.035,2.279255,0.065,0.2359,0.05,0.2853,0.4,0.6,0.1657466960784315
base,SUR,Suriname,0.12929600000000002,0.035,2.156,0.065,0.1001,0.05,0.36,0.4,0.6,0.10715294117647067
base,SWZ,Swaziland,0.12481250000000002,0.035,2.29625,0.065,0.07339999999999999,0.05,0.275,0.4,0.6,0.1027573529411765
base,SWE,Sweden,0.10048260000000002,0.035,2.4101,0.065,0.0,0.05,0.20600000000000002,0.4,0.6,0.07890450980392161
base,CHE,Switzerland,0.1048566,0.035,2.5090999999999997,0.065,0.0,0.05,0.146,0.4,0.6,0.0831927450980392
base,SYR,Syria,0.1992166,0.035,2.5090999999999997,0.065,0.2359,0.05,0.146,0.4,0.6,0.1757025490196078
base,TWN,Taiwan,0.10412000000000003,0.035,2.4200000000000004,0.065,0.008,0.05,0.2,0.4,0.6,0.08247058823529407
base,TJK,Tajikistan,0.13709800000000003,0.035,2.4530000000000003,0.065,0.0868,0.05,0.18,0.4,0.6,0.1148019607843136
base,TZA,Tanzania,0.11767000000000002,0.035,2.255,0.065,0.0601,0.05,0.3,0.4,0.6,0.09575490196078418
base,THA,Thailand,0.10944000000000002,0.035,2.4200000000000004,0.065,0.0213,0.05,0.2,0.4,0.6,0.08768627450980393
base,TGO,Togo,0.13063906000000003,0.035,2.3068100000000005,0.065,0.0868,0.05,0.2686,0.4,0.6,0.10846966666666669
base,TTO,Trinidad  &' Tobago,0.10971,0.035,2.255,0.065,0.04019999999999999,0.05,0.3,0.4,0.6,0.08795098039215676
base,TUN,Tunisia,0.15264500000000003,0.035,2.5025,0.065,0.1202,0.05,0.15,0.4,0.6,0.13004411764705903
base,TUR,Turkey,0.12131500000000002,0.035,2.3375000000000004,0.065,0.0601,0.05,0.25,0.4,0.6,0.0993284313725491
base,TCA,Turks &  Caicos Islands,0.12402000000000002,0.035,2.75,0.065,0.0213,0.05,0.0,0.4,0.6,0.10198039215686272
base,UGA,Uganda,0.12835000000000002,0.035,2.255,0.065,0.0868,0.05,0.3,0.4,0.6,0.10622549019607841
base,UKR,Ukraine,0.16645800000000002,0.035,2.4530000000000003,0.065,0.1602,0.05,0.18,0.4,0.6,0.143586274509804
base,ARE,United Arab  Emirates,0.09991500000000002,0.035,2.3375000000000004,0.065,0.0066,0.05,0.25,0.4,0.6,0.07834803921568634
base,GBR,United Kingdom,0.10047500000000002,0.035,2.3375000000000004,0.065,0.008,0.05,0.25,0.4,0.6,0.07889705882352938
base,USA,United States,0.09727500000000003,0.035,2.3375000000000004,0.065,0.0,0.05,0.25,0.4,0.6,0.07575980392156856
base,URY,Uruguay,0.10579500000000001,0.035,2.3375000000000004,0.065,0.0213,0.05,0.25,0.4,0.6,0.08411274509803923
base,UZB,Uzbekistan,0.12376500000000001,0.035,2.5025,0.065,0.048,0.05,0.15,0.4,0.6,0.10173039215686286
base,VEN,Venezuela,0.18507400000000002,0.035,2.189,0.065,0.2359,0.05,0.34,0.4,0.6,0.16183725490196066
base,VNM,Vietnam,0.11700000000000002,0.035,2.4200000000000004,0.065,0.04019999999999999,0.05,0.2,0.4,0.6,0.09509803921568616
base,YEM,Yemen,0.165,0.035,2.4200000000000004,0.065,0.1602,0.05,0.2,0.4,0.6,0.14215686274509798
base,ZMB,Zambia,0.13806500000000002,0.035,2.1725000000000003,0.065,0.1202,0.05,0.35,0.4,0.6,0.11575000000000002
base,ZWE,Zimbabwe,0.13806500000000002,0.035,2.1725000000000003,0.065,0.1202,0.05,0.35,0.4,0.6,0.11575000000000002
base,MRT,Mauritania,0.12967316666666667,0.035,2.2852499999999996,0.065,0.08676666666666666,0.05000000000000001,0.2816666666666667,0.4000000000000001,0.6,0.10752271241830062
risky,ALB,Albania,0.1326375,0.035,2.84375,0.065,0.048,0.05,0.15,0.4,0.6,0.11042892156862738
risky,DZA,Algeria,0.1295175,0.035,2.84375,0.065,0.04019999999999999,0.05,0.15,0.4,0.6,0.1073700980392156
risky,AND,Andorra  (Principality of),0.11882324999999999,0.035,2.769125,0.065,0.0213,0.05,0.1898,0.4,0.6,0.09688553921568621
risky,AGO,Angola,0.1402825,0.035,2.65625,0.065,0.0868,0.05,0.25,0.4,0.6,0.11792401960784327
risky,AIA,Anguilla,0.137821375,0.035,2.6519375,0.065,0.08109999999999999,0.05,0.2523,0.4,0.6,0.11551115196078432
risky,ATG,Antigua &  Barbuda,0.137781375,0.035,2.6519375,0.065,0.081,0.05,0.2523,0.4,0.6,0.1154719362745098
risky,ARG,Argentina,0.16176749999999998,0.035,2.46875,0.065,0.1602,0.05,0.35,0.4,0.6,0.13898774509803924
risky,ARM,Armenia,0.13027500000000003,0.035,2.7875,0.065,0.048,0.05,0.18,0.4,0.6,0.10811274509803925
risky,ABW,Aruba,0.11728250000000001,0.035,2.65625,0.065,0.029300000000000003,0.05,0.25,0.4,0.6,0.09537499999999999
risky,AUS,Australia,0.101625,0.035,2.5625,0.065,0.0,0.05,0.3,0.4,0.6,0.08002450980392162
risky,AUT,Austria,0.10847000000000001,0.035,2.675,0.065,0.0053,0.05,0.24,0.4,0.6,0.08673529411764713
risky,AZE,Azerbaijan,0.12286000000000002,0.035,2.75,0.065,0.0334,0.05,0.2,0.4,0.6,0.1008431372549019
risky,BHS,Bahamas,0.14929,0.035,3.125,0.065,0.0601,0.05,0.0,0.4,0.6,0.12675490196078432
risky,BHR,Bahrain,0.15461,0.035,3.125,0.065,0.07339999999999999,0.05,0.0,0.4,0.6,0.13197058823529395
risky,BGD,Bangladesh,0.130985,0.035,2.5625,0.065,0.07339999999999999,0.05,0.3,0.4,0.6,0.10880882352941157
risky,BRB,Barbados,0.15563875,0.035,3.0218749999999996,0.065,0.0868,0.05,0.055,0.4,0.6,0.13297916666666665
risky,BLR,Belarus,0.205435,0.035,2.7875,0.065,0.2359,0.05,0.18,0.4,0.6,0.18179901960784317
risky,BEL,Belgium,0.10876250000000003,0.035,2.65625,0.065,0.008,0.05,0.25,0.4,0.6,0.08702205882352954
risky,BLZ,Belize,0.142822625,0.035,2.5900625,0.065,0.1001,0.05,0.2853,0.4,0.6,0.12041433823529402
risky,BEN,Benin,0.125665,0.035,2.5625,0.065,0.0601,0.05,0.3,0.4,0.6,0.10359313725490193
risky,BMU,Bermuda,0.12977,0.035,3.125,0.065,0.0113,0.05,0.0,0.4,0.6,0.10761764705882348
risky,BOL,Bolivia,0.1589625,0.035,2.65625,0.065,0.1335,0.05,0.25,0.4,0.6,0.136237745098039
risky,BIH,Bosnia and  Herzegovina,0.152095,0.035,2.9375,0.065,0.0868,0.05,0.1,0.4,0.6,0.12950490196078435
risky,BWA,Botswana,0.11432500000000002,0.035,2.7125,0.065,0.016,0.05,0.22,0.4,0.6,0.09247549019607848
risky,BRA,Brazil,0.111835,0.035,2.4875,0.065,0.0334,0.05,0.34,0.4,0.6,0.09003431372548998
risky,VGB,British Virgin  Islands,0.137821375,0.035,2.6519375,0.065,0.08109999999999999,0.05,0.2523,0.4,0.6,0.11551115196078432
risky,BRN,Brunei,0.101675,0.035,2.4875,0.065,0.008,0.05,0.34,0.4,0.6,0.08007352941176471
risky,BGR,Bulgaria,0.125895,0.035,2.9375,0.065,0.0213,0.05,0.1,0.4,0.6,0.10381862745098047
risky,BFA,Burkina Faso,0.14324000000000003,0.035,2.6,0.065,0.1001,0.05,0.28,0.4,0.6,0.12082352941176477
risky,KHM,Cambodia,0.13886,0.035,2.75,0.065,0.07339999999999999,0.05,0.2,0.4,0.6,0.11652941176470577
risky,CMR,Cameroon,0.1393025,0.035,2.5062499999999996,0.065,0.1001,0.05,0.33,0.4,0.6,0.11696323529411745
risky,CAN,Canada,0.10438125000000001,0.035,2.628125,0.065,0.0,0.05,0.265,0.4,0.6,0.08272671568627454
risky,CPV,Cape Verde,0.15461,0.035,3.125,0.065,0.07339999999999999,0.05,0.0,0.4,0.6,0.13197058823529395
risky,CYM,Cayman Islands,0.12845,0.035,3.125,0.065,0.008,0.05,0.0,0.4,0.6,0.1063235294117646
risky,CHL,Chile,0.1085075,0.035,2.6187499999999995,0.065,0.0113,0.05,0.27,0.4,0.6,0.08677205882352945
risky,CHN,China,0.10932250000000002,0.035,2.65625,0.065,0.009399999999999999,0.05,0.25,0.4,0.6,0.08757107843137257
risky,COL,Colombia,0.10784750000000001,0.035,2.46875,0.065,0.0254,0.05,0.35,0.4,0.6,0.08612500000000001
risky,COD,Congo  (Democratic Republic,0.13634500000000002,0.035,2.5625,0.065,0.0868,0.05,0.3,0.4,0.6,0.11406372549019594
risky,COK,Cook Islands,0.12586975,0.035,2.5673749999999993,0.065,0.0601,0.05,0.2974,0.4,0.6,0.10379387254901973
risky,CRI,Costa Rica,0.12082500000000002,0.035,2.5625,0.065,0.048,0.05,0.3,0.4,0.6,0.0988480392156863
risky,HRV,Croatia,0.117475,0.035,2.7875,0.065,0.016,0.05,0.18,0.4,0.6,0.09556372549019598
risky,CUB,Cuba,0.166862625,0.035,2.5900625,0.065,0.1602,0.05,0.2853,0.4,0.6,0.14398296568627456
risky,CUW,Curaçao,0.11964500000000002,0.035,2.7125,0.065,0.029300000000000003,0.05,0.22,0.4,0.6,0.09769117647058811
risky,CYP,Cyprus,0.12180625,0.035,2.890625,0.065,0.016,0.05,0.125,0.4,0.6,0.09981004901960788
risky,CZE,Czech Republic,0.1134875,0.035,2.76875,0.065,0.008,0.05,0.19,0.4,0.6,0.09165441176470579
risky,DNK,Denmark,0.10792500000000002,0.035,2.7125,0.065,0.0,0.05,0.22,0.4,0.6,0.08620098039215685
risky,DOM,Dominican  Republic,0.1231875,0.035,2.6187499999999995,0.065,0.048,0.05,0.27,0.4,0.6,0.10116421568627443
risky,ECU,Ecuador,0.1589625,0.035,2.65625,0.065,0.1335,0.05,0.25,0.4,0.6,0.136237745098039
risky,EGY,Egypt,0.14757125,0.035,2.7031249999999996,0.065,0.1001,0.05,0.225,0.4,0.6,0.12506985294117645
risky,SLV,El Salvador,0.13634500000000002,0.035,2.5625,0.065,0.0868,0.05,0.3,0.4,0.6,0.11406372549019594
risky,EST,Estonia,0.11326000000000001,0.035,2.75,0.065,0.009399999999999999,0.05,0.2,0.4,0.6,0.09143137254901945
risky,ETH,Ethiopia,0.149705,0.035,2.5625,0.065,0.1202,0.05,0.3,0.4,0.6,0.12716176470588225
risky,FLK,Falkland  Islands,0.119684375,0.035,2.5334375,0.065,0.0482,0.05,0.3155,0.4,0.6,0.09772977941176486
risky,FJI,Fiji,0.13354000000000002,0.035,2.75,0.065,0.0601,0.05,0.2,0.4,0.6,0.11131372549019614
risky,FIN,Finland,0.11162000000000002,0.035,2.75,0.065,0.0053,0.05,0.2,0.4,0.6,0.08982352941176464
risky,FRA,France,0.10876250000000003,0.035,2.65625,0.065,0.008,0.05,0.25,0.4,0.6,0.08702205882352954
risky,GUF,French Guiana,0.119684375,0.035,2.5334375,0.065,0.0482,0.05,0.3155,0.4,0.6,0.09772977941176486
risky,GAB,Gabon,0.149705,0.035,2.5625,0.065,0.1202,0.05,0.3,0.4,0.6,0.12716176470588225
risky,GMB,Gambia,0.125665,0.035,2.5625,0.065,0.0601,0.05,0.3,0.4,0.6,0.10359313725490193
risky,GEO,Georgia,0.1295175,0.035,2.84375,0.065,0.04019999999999999,0.05,0.15,0.4,0.6,0.1073700980392156
risky,DEU,Germany,0.101625,0.035,2.5625,0.065,0.0,0.05,0.3,0.4,0.6,0.08002450980392162
risky,GHA,Ghana,0.15364250000000002,0.035,2.65625,0.065,0.1202,0.05,0.25,0.4,0.6,0.13102205882352957
risky,GIB,Gibraltar,0.11021575,0.035,2.6603749999999997,0.065,0.011200000000000002,0.05,0.24780000000000002,0.4,0.6,0.08844681372549013
risky,GRC,Greece,0.121285,0.035,2.7125,0.065,0.0334,0.05,0.22,0.4,0.6,0.09929901960784315
risky,GRL,Greenland,0.11021575,0.035,2.6603749999999997,0.065,0.011200000000000002,0.05,0.24780000000000002,0.4,0.6,0.08844681372549013
risky,GTM,Guatemala,0.11892250000000003,0.035,2.65625,0.065,0.0334,0.05,0.25,0.4,0.6,0.09698284313725503
risky,GGY,Guernsey  (States of),0.12901,0.035,3.125,0.065,0.009399999999999999,0.05,0.0,0.4,0.6,0.10687254901960785
risky,GIN,Guinea,0.17333,0.035,3.125,0.065,0.1202,0.05,0.0,0.4,0.6,0.15032352941176463
risky,GNB,Guinea-Bissau,0.15997,0.035,3.125,0.065,0.0868,0.05,0.0,0.4,0.6,0.13722549019607833
risky,GUY,Guyana,0.13377,0.035,3.125,0.065,0.0213,0.05,0.0,0.4,0.6,0.11153921568627445
risky,HTI,Haiti,0.18933000000000003,0.035,3.125,0.065,0.1602,0.05,0.0,0.4,0.6,0.1660098039215685
risky,HND,Honduras,0.1296025,0.035,2.65625,0.065,0.0601,0.05,0.25,0.4,0.6,0.10745343137254904
risky,HKG,Hong Kong,0.11545625000000001,0.035,2.815625,0.065,0.008,0.05,0.165,0.4,0.6,0.09358455882352934
risky,HUN,Hungary,0.1283225,0.035,2.9562500000000003,0.065,0.0254,0.05,0.09,0.4,0.6,0.10619852941176466
risky,ISL,Iceland,0.11326000000000001,0.035,2.75,0.065,0.009399999999999999,0.05,0.2,0.4,0.6,0.09143137254901945
risky,IND,India,0.113345,0.035,2.5625,0.065,0.029300000000000003,0.05,0.3,0.4,0.6,0.09151470588235289
risky,IDN,Indonesia,0.11808500000000002,0.035,2.7125,0.065,0.0254,0.05,0.22,0.4,0.6,0.09616176470588234
risky,IRN,Iran,0.14264500000000002,0.035,2.7125,0.065,0.0868,0.05,0.22,0.4,0.6,0.12024019607843117
risky,IRQ,Iraq,0.1534775,0.035,2.84375,0.065,0.1001,0.05,0.15,0.4,0.6,0.13086029411764688
risky,IRL,Ireland,0.11860625000000002,0.035,2.890625,0.065,0.008,0.05,0.125,0.4,0.6,0.09667279411764707
risky,IMN,Isle of Man,0.12845,0.035,3.125,0.065,0.008,0.05,0.0,0.4,0.6,0.1063235294117646
risky,ISR,Israel,0.11565750000000002,0.035,2.6937499999999996,0.065,0.0213,0.05,0.23,0.4,0.6,0.09378186274509792
risky,ITA,Italy,0.11807000000000001,0.035,2.675,0.065,0.029300000000000003,0.05,0.24,0.4,0.6,0.09614705882352936
risky,CIV,Ivory Coast,0.12164250000000001,0.035,2.65625,0.065,0.04019999999999999,0.05,0.25,0.4,0.6,0.09964950980392162
risky,JAM,Jamaica,0.1296025,0.035,2.65625,0.065,0.0601,0.05,0.25,0.4,0.6,0.10745343137254904
risky,JPN,Japan,0.10489675000000002,0.035,2.5508750000000004,0.065,0.009399999999999999,0.05,0.3062,0.4,0.6,0.08323210784313728
risky,JEY,Jersey (States  of),0.12789,0.035,3.125,0.065,0.0066,0.05,0.0,0.4,0.6,0.10577450980392156
risky,JOR,Jordan,0.1287,0.035,2.75,0.065,0.048,0.05,0.2,0.4,0.6,0.1065686274509805
risky,KAZ,Kazakhstan,0.11802000000000003,0.035,2.75,0.065,0.0213,0.05,0.2,0.4,0.6,0.09609803921568627
risky,KEN,Kenya,0.141665,0.035,2.5625,0.065,0.1001,0.05,0.3,0.4,0.6,0.1192794117647058
risky,KWT,Kuwait,0.11719750000000001,0.035,2.84375,0.065,0.009399999999999999,0.05,0.15,0.4,0.6,0.09529166666666677
risky,KGZ,Kyrgyzstan,0.152095,0.035,2.9375,0.065,0.0868,0.05,0.1,0.4,0.6,0.12950490196078435
risky,LAO,Laos,0.15749775000000005,0.035,2.6213750000000005,0.065,0.1335,0.05,0.2686,0.4,0.6,0.13480171568627464
risky,LVA,Latvia,0.11590000000000002,0.035,2.75,0.065,0.016,0.05,0.2,0.4,0.6,0.09401960784313745
risky,LBN,Lebanon,0.20622250000000003,0.035,2.8062500000000004,0.065,0.2359,0.05,0.17,0.4,0.6,0.18257107843137255
risky,LBR,Liberia,0.15994250000000002,0.035,2.8062500000000004,0.065,0.1202,0.05,0.17,0.4,0.6,0.1371985294117648
risky,LBY,Libya,0.12038250000000002,0.035,2.8062500000000004,0.065,0.0213,0.05,0.17,0.4,0.6,0.09841421568627462
risky,LIE,Liechtenstein,0.11540625000000002,0.035,2.890625,0.065,0.0,0.05,0.125,0.4,0.6,0.09353553921568625
risky,LTU,Lithuania,0.11795750000000002,0.035,2.84375,0.065,0.0113,0.05,0.15,0.4,0.6,0.09603676470588218
risky,LUX,Luxembourg,0.10560975,0.035,2.6573749999999996,0.065,0.0,0.05,0.2494,0.4,0.6,0.08393112745098041
risky,MAC,Macau,0.10729775000000003,0.035,2.6213750000000005,0.065,0.008,0.05,0.2686,0.4,0.6,0.08558602941176474
risky,MKD,Macedonia,0.136575,0.035,2.9375,0.065,0.048,0.05,0.1,0.4,0.6,0.1142892156862747
risky,MDG,Madagascar,0.14673500000000003,0.035,2.9375,0.065,0.07339999999999999,0.05,0.1,0.4,0.6,0.12424999999999997
risky,MWI,Malawi,0.165455,0.035,2.9375,0.065,0.1202,0.05,0.1,0.4,0.6,0.14260294117647043
risky,MYS,Malaysia,0.11275,0.035,2.675,0.065,0.016,0.05,0.24,0.4,0.6,0.0909313725490195
risky,MDV,Maldives,0.15217775000000006,0.035,2.6213750000000005,0.065,0.1202,0.05,0.2686,0.4,0.6,0.12958602941176478
risky,MLI,Mali,0.15217775000000006,0.035,2.6213750000000005,0.065,0.1202,0.05,0.2686,0.4,0.6,0.12958602941176478
risky,MLT,Malta,0.1022075,0.035,2.46875,0.065,0.0113,0.05,0.35,0.4,0.6,0.080595588235294
risky,MTQ,Martinique,0.137821375,0.035,2.6519375,0.065,0.08109999999999999,0.05,0.2523,0.4,0.6,0.11551115196078432
risky,MUS,Mauritius,0.1251575,0.035,2.84375,0.065,0.029300000000000003,0.05,0.15,0.4,0.6,0.10309558823529419
risky,MEX,Mexico,0.111785,0.035,2.5625,0.065,0.0254,0.05,0.3,0.4,0.6,0.08998529411764711
risky,MDA,Moldova,0.15052000000000001,0.035,2.9000000000000004,0.065,0.0868,0.05,0.12,0.4,0.6,0.12796078431372537
risky,MCO,Monaco,0.10573575,0.035,2.6603749999999997,0.065,0.0,0.05,0.24780000000000002,0.4,0.6,0.08405465686274516
risky,MNG,Mongolia,0.1349225,0.035,2.65625,0.065,0.07339999999999999,0.05,0.25,0.4,0.6,0.11266911764705889
risky,MNE,Montenegro,0.1374775,0.035,2.84375,0.065,0.0601,0.05,0.15,0.4,0.6,0.11517401960784301
risky,MSR,Montserrat,0.11450262500000001,0.035,2.5900625,0.065,0.029300000000000003,0.05,0.2853,0.4,0.6,0.09264963235294132
risky,MAR,Morocco,0.11341,0.035,2.5249999999999995,0.065,0.0334,0.05,0.32,0.4,0.6,0.09157843137254895
risky,MOZ,Mozambique,0.14812999999999998,0.035,2.5249999999999995,0.065,0.1202,0.05,0.32,0.4,0.6,0.1256176470588235
risky,MMR,Myanmar,0.15344999999999998,0.035,2.5249999999999995,0.065,0.1335,0.05,0.32,0.4,0.6,0.13083333333333313
risky,NAM,Namibia,0.12409,0.035,2.5249999999999995,0.065,0.0601,0.05,0.32,0.4,0.6,0.10204901960784318
risky,NPL,Nepal,0.12476250000000003,0.035,2.65625,0.065,0.048,0.05,0.25,0.4,0.6,0.1027083333333334
risky,NLD,Netherlands,0.10493250000000001,0.035,2.64125,0.065,0.0,0.05,0.258,0.4,0.6,0.08326715686274522
risky,NZL,New Zealand,0.1032,0.035,2.6,0.065,0.0,0.05,0.28,0.4,0.6,0.08156862745098037
risky,NIC,Nicaragua,0.130985,0.035,2.5625,0.065,0.07339999999999999,0.05,0.3,0.4,0.6,0.10880882352941157
risky,NER,Niger,0.15749775000000005,0.035,2.6213750000000005,0.065,0.1335,0.05,0.2686,0.4,0.6,0.13480171568627464
risky,NGA,Nigeria,0.141665,0.035,2.5625,0.065,0.1001,0.05,0.3,0.4,0.6,0.1192794117647058
risky,NOR,Norway,0.10792500000000002,0.035,2.7125,0.065,0.0,0.05,0.22,0.4,0.6,0.08620098039215685
risky,OMN,Oman,0.1267975,0.035,2.84375,0.065,0.0334,0.05,0.15,0.4,0.6,0.104703431372549
risky,PAK,Pakistan,0.1504925,0.035,2.58125,0.065,0.1202,0.05,0.29,0.4,0.6,0.12793382352941163
risky,PSE,Palestinian  Authority,0.20622250000000003,0.035,2.8062500000000004,0.065,0.2359,0.05,0.17,0.4,0.6,0.18257107843137255
risky,PAN,Panama,0.11728250000000001,0.035,2.65625,0.065,0.029300000000000003,0.05,0.25,0.4,0.6,0.09537499999999999
risky,PNG,Papua New  Guinea,0.130985,0.035,2.5625,0.065,0.07339999999999999,0.05,0.3,0.4,0.6,0.10880882352941157
risky,PRY,Paraguay,0.12909500000000002,0.035,2.9375,0.065,0.029300000000000003,0.05,0.1,0.4,0.6,0.10695588235294107
risky,PER,Peru,0.11053875000000002,0.035,2.5718750000000004,0.065,0.0213,0.05,0.295,0.4,0.6,0.08876348039215665
risky,PHL,Philippines,0.11572250000000002,0.035,2.65625,0.065,0.0254,0.05,0.25,0.4,0.6,0.09384558823529399
risky,POL,Poland,0.1148075,0.035,2.76875,0.065,0.0113,0.05,0.19,0.4,0.6,0.09294852941176468
risky,PRT,Portugal,0.11511249999999999,0.035,2.7312499999999993,0.065,0.016,0.05,0.21,0.4,0.6,0.09324754901960786
risky,QAT,Qatar,0.12001500000000001,0.035,2.9375,0.065,0.0066,0.05,0.1,0.4,0.6,0.09805392156862736
risky,REU,Reunion,0.11105475000000001,0.035,2.6498749999999998,0.065,0.0144,0.05,0.2534,0.4,0.6,0.089269362745098
risky,ROU,Romania,0.12437,0.035,2.8249999999999997,0.065,0.029300000000000003,0.05,0.16,0.4,0.6,0.10232352941176481
risky,RUS,Russia,0.12558,0.035,2.75,0.065,0.04019999999999999,0.05,0.2,0.4,0.6,0.10350980392156872
risky,RWA,Rwanda,0.130985,0.035,2.5625,0.065,0.07339999999999999,0.05,0.3,0.4,0.6,0.10880882352941157
risky,LCA,Saint Lucia,0.137821375,0.035,2.6519375,0.065,0.08109999999999999,0.05,0.2523,0.4,0.6,0.11551115196078432
risky,SAU,Saudi Arabia,0.11270000000000002,0.035,2.75,0.065,0.008,0.05,0.2,0.4,0.6,0.09088235294117641
risky,SEN,Senegal,0.125665,0.035,2.5625,0.065,0.0601,0.05,0.3,0.4,0.6,0.10359313725490193
risky,SRB,Serbia,0.1295175,0.035,2.84375,0.065,0.04019999999999999,0.05,0.15,0.4,0.6,0.1073700980392156
risky,SLE,Sierra Leone,0.17333,0.035,3.125,0.065,0.1202,0.05,0.0,0.4,0.6,0.15032352941176463
risky,SGP,Singapore,0.11186250000000002,0.035,2.8062500000000004,0.065,0.0,0.05,0.17,0.4,0.6,0.09006127450980395
risky,SVK,Slovakia,0.11511249999999999,0.035,2.7312499999999993,0.065,0.016,0.05,0.21,0.4,0.6,0.09324754901960786
risky,SVN,Slovenia,0.11668750000000001,0.035,2.76875,0.065,0.016,0.05,0.19,0.4,0.6,0.09479166666666661
risky,SLB,Solomon  Islands,0.141665,0.035,2.5625,0.065,0.1001,0.05,0.3,0.4,0.6,0.1192794117647058
risky,SOM,Somalia,0.15502500000000002,0.035,2.5625,0.065,0.1335,0.05,0.3,0.4,0.6,0.1323774509803921
risky,ZAF,South Africa,0.1200675,0.035,2.6187499999999995,0.065,0.04019999999999999,0.05,0.27,0.4,0.6,0.09810539215686265
risky,KOR,South Korea,0.10820250000000002,0.035,2.65625,0.065,0.0066,0.05,0.25,0.4,0.6,0.08647303921568628
risky,ESP,Spain,0.11408250000000002,0.035,2.65625,0.065,0.0213,0.05,0.25,0.4,0.6,0.09223774509803939
risky,LKA,Sri Lanka,0.17043000000000003,0.035,2.675,0.065,0.1602,0.05,0.24,0.4,0.6,0.14748039215686282
risky,SXM,St. Maarten,0.11886262500000001,0.035,2.5900625,0.065,0.04019999999999999,0.05,0.2853,0.4,0.6,0.09692414215686274
risky,VCT,St. Vincent  & the Grenadines,0.13750262500000002,0.035,2.5900625,0.065,0.0868,0.05,0.2853,0.4,0.6,0.11519865196078438
risky,SDN,Sudan,0.19714262500000002,0.035,2.5900625,0.065,0.2359,0.05,0.2853,0.4,0.6,0.17366924019607843
risky,SUR,Suriname,0.13694,0.035,2.45,0.065,0.1001,0.05,0.36,0.4,0.6,0.11464705882352955
risky,SWZ,Swaziland,0.13295375,0.035,2.609375,0.065,0.07339999999999999,0.05,0.275,0.4,0.6,0.11073897058823534
risky,SWE,Sweden,0.1090275,0.035,2.7387499999999996,0.065,0.0,0.05,0.20600000000000002,0.4,0.6,0.08728186274509797
risky,CHE,Switzerland,0.1137525,0.035,2.8512499999999994,0.065,0.0,0.05,0.146,0.4,0.6,0.09191421568627445
risky,SYR,Syria,0.2081125,0.035,2.8512499999999994,0.065,0.2359,0.05,0.146,0.4,0.6,0.18442401960784305
risky,TWN,Taiwan,0.11270000000000002,0.035,2.75,0.065,0.008,0.05,0.2,0.4,0.6,0.09088235294117641
risky,TJK,Tajikistan,0.145795,0.035,2.7875,0.065,0.0868,0.05,0.18,0.4,0.6,0.12332843137254912
risky,TZA,Tanzania,0.125665,0.035,2.5625,0.065,0.0601,0.05,0.3,0.4,0.6,0.10359313725490193
risky,THA,Thailand,0.11802000000000003,0.035,2.75,0.065,0.0213,0.05,0.2,0.4,0.6,0.09609803921568627
risky,TGO,Togo,0.13881775000000002,0.035,2.6213750000000005,0.065,0.0868,0.05,0.2686,0.4,0.6,0.11648799019607847
risky,TTO,Trinidad  &' Tobago,0.117705,0.035,2.5625,0.065,0.04019999999999999,0.05,0.3,0.4,0.6,0.09578921568627452
risky,TUN,Tunisia,0.16151749999999998,0.035,2.84375,0.065,0.1202,0.05,0.15,0.4,0.6,0.13874264705882355
risky,TUR,Turkey,0.1296025,0.035,2.65625,0.065,0.0601,0.05,0.25,0.4,0.6,0.10745343137254904
risky,TCA,Turks &  Caicos Islands,0.13377,0.035,3.125,0.065,0.0213,0.05,0.0,0.4,0.6,0.11153921568627445
risky,UGA,Uganda,0.13634500000000002,0.035,2.5625,0.065,0.0868,0.05,0.3,0.4,0.6,0.11406372549019594
risky,UKR,Ukraine,0.175155,0.035,2.7875,0.065,0.1602,0.05,0.18,0.4,0.6,0.15211274509803907
risky,ARE,United Arab  Emirates,0.10820250000000002,0.035,2.65625,0.065,0.0066,0.05,0.25,0.4,0.6,0.08647303921568628
risky,GBR,United Kingdom,0.10876250000000003,0.035,2.65625,0.065,0.008,0.05,0.25,0.4,0.6,0.08702205882352954
risky,USA,United States,0.10556250000000002,0.035,2.65625,0.065,0.0,0.05,0.25,0.4,0.6,0.08388480392156872
risky,URY,Uruguay,0.11408250000000002,0.035,2.65625,0.065,0.0213,0.05,0.25,0.4,0.6,0.09223774509803939
risky,UZB,Uzbekistan,0.1326375,0.035,2.84375,0.065,0.048,0.05,0.15,0.4,0.6,0.11042892156862738
risky,VEN,Venezuela,0.192835,0.035,2.4875,0.065,0.2359,0.05,0.34,0.4,0.6,0.16944607843137272
risky,VNM,Vietnam,0.12558,0.035,2.75,0.065,0.04019999999999999,0.05,0.2,0.4,0.6,0.10350980392156872
risky,YEM,Yemen,0.17358,0.035,2.75,0.065,0.1602,0.05,0.2,0.4,0.6,0.15056862745098054
risky,ZMB,Zambia,0.1457675,0.035,2.46875,0.065,0.1202,0.05,0.35,0.4,0.6,0.12330147058823537
risky,ZWE,Zimbabwe,0.1457675,0.035,2.46875,0.065,0.1202,0.05,0.35,0.4,0.6,0.12330147058823537
risky,MRT,Mauritania,0.13777541666666668,0.035,2.596875,0.065,0.08676666666666666,0.05000000000000001,0.2816666666666667,0.4000000000000001,0.6,0.11546609477124181
